{
  "frames": {
    "tree.alder.middle.00.4": {
      "frame": {
        "x": 0,
        "y": 0,
        "w": 492.5,
        "h": 484
      },
      "rotated": false,
      "trimmed": true,
      "spriteSourceSize": {
        "x": 17,
        "y": 14.5,
        "w": 492.5,
        "h": 484
      },
      "sourceSize": {
        "w": 512,
        "h": 512
      },
      "pivot": {
        "x": 0.5,
        "y": 0.5
      }
    },
    "tree.alder.middle.00.2": {
      "frame": {
        "x": 0,
        "y": 484,
        "w": 492,
        "h": 462.5
      },
      "rotated": false,
      "trimmed": true,
      "spriteSourceSize": {
        "x": 3,
        "y": 40,
        "w": 492,
        "h": 462.5
      },
      "sourceSize": {
        "w": 512,
        "h": 512
      },
      "pivot": {
        "x": 0.5,
        "y": 0.5
      }
    },
    "tree.alder.middle.01.3": {
      "frame": {
        "x": 492.5,
        "y": 0,
        "w": 300.5,
        "h": 482.5
      },
      "rotated": false,
      "trimmed": true,
      "spriteSourceSize": {
        "x": 107.5,
        "y": 25,
        "w": 300.5,
        "h": 482.5
      },
      "sourceSize": {
        "w": 512,
        "h": 512
      },
      "pivot": {
        "x": 0.5,
        "y": 0.5
      }
    },
    "tree.alder.middle.00.1": {
      "frame": {
        "x": 793,
        "y": 0,
        "w": 417.5,
        "h": 482
      },
      "rotated": false,
      "trimmed": true,
      "spriteSourceSize": {
        "x": 29,
        "y": 17,
        "w": 417.5,
        "h": 482
      },
      "sourceSize": {
        "w": 512,
        "h": 512
      },
      "pivot": {
        "x": 0.5,
        "y": 0.5
      }
    },
    "tree.alder.middle.01.1": {
      "frame": {
        "x": 0,
        "y": 946.5,
        "w": 300.5,
        "h": 480
      },
      "rotated": false,
      "trimmed": true,
      "spriteSourceSize": {
        "x": 104,
        "y": 18.5,
        "w": 300.5,
        "h": 480
      },
      "sourceSize": {
        "w": 512,
        "h": 512
      },
      "pivot": {
        "x": 0.5,
        "y": 0.5
      }
    },
    "tree.alder.middle.01.4": {
      "frame": {
        "x": 300.5,
        "y": 946.5,
        "w": 280,
        "h": 474.5
      },
      "rotated": false,
      "trimmed": true,
      "spriteSourceSize": {
        "x": 116.5,
        "y": 31,
        "w": 280,
        "h": 474.5
      },
      "sourceSize": {
        "w": 512,
        "h": 512
      },
      "pivot": {
        "x": 0.5,
        "y": 0.5
      }
    },
    "tree.alder.middle.01.2": {
      "frame": {
        "x": 793,
        "y": 482,
        "w": 280,
        "h": 469.5
      },
      "rotated": false,
      "trimmed": true,
      "spriteSourceSize": {
        "x": 116,
        "y": 34.5,
        "w": 280,
        "h": 469.5
      },
      "sourceSize": {
        "w": 512,
        "h": 512
      },
      "pivot": {
        "x": 0.5,
        "y": 0.5
      }
    },
    "tree.alder.middle.00.3": {
      "frame": {
        "x": 580.5,
        "y": 951.5,
        "w": 418,
        "h": 462
      },
      "rotated": false,
      "trimmed": true,
      "spriteSourceSize": {
        "x": 65.5,
        "y": 41.5,
        "w": 418,
        "h": 462
      },
      "sourceSize": {
        "w": 512,
        "h": 512
      },
      "pivot": {
        "x": 0.5,
        "y": 0.5
      }
    },
    "tree.pine.middle.01.3": {
      "frame": {
        "x": 1210.5,
        "y": 0,
        "w": 309.5,
        "h": 403
      },
      "rotated": false,
      "trimmed": true,
      "spriteSourceSize": {
        "x": 105.5,
        "y": 98,
        "w": 309.5,
        "h": 403
      },
      "sourceSize": {
        "w": 512,
        "h": 512
      },
      "pivot": {
        "x": 0.5,
        "y": 0.5
      }
    },
    "tree.pine.middle.01.2": {
      "frame": {
        "x": 492.5,
        "y": 482.5,
        "w": 290,
        "h": 400
      },
      "rotated": false,
      "trimmed": true,
      "spriteSourceSize": {
        "x": 108.5,
        "y": 105.5,
        "w": 290,
        "h": 400
      },
      "sourceSize": {
        "w": 512,
        "h": 512
      },
      "pivot": {
        "x": 0.5,
        "y": 0.5
      }
    },
    "tree.pine.middle.01.4": {
      "frame": {
        "x": 1210.5,
        "y": 403,
        "w": 290.5,
        "h": 399.5
      },
      "rotated": false,
      "trimmed": true,
      "spriteSourceSize": {
        "x": 113,
        "y": 103.5,
        "w": 290.5,
        "h": 399.5
      },
      "sourceSize": {
        "w": 512,
        "h": 512
      },
      "pivot": {
        "x": 0.5,
        "y": 0.5
      }
    },
    "tree.pine.middle.01.1": {
      "frame": {
        "x": 998.5,
        "y": 951.5,
        "w": 309.5,
        "h": 397
      },
      "rotated": false,
      "trimmed": true,
      "spriteSourceSize": {
        "x": 97,
        "y": 105,
        "w": 309.5,
        "h": 397
      },
      "sourceSize": {
        "w": 512,
        "h": 512
      },
      "pivot": {
        "x": 0.5,
        "y": 0.5
      }
    },
    "tree.pine.middle.00.1": {
      "frame": {
        "x": 0,
        "y": 1426.5,
        "w": 296,
        "h": 373.5
      },
      "rotated": false,
      "trimmed": true,
      "spriteSourceSize": {
        "x": 119.5,
        "y": 130.5,
        "w": 296,
        "h": 373.5
      },
      "sourceSize": {
        "w": 512,
        "h": 512
      },
      "pivot": {
        "x": 0.5,
        "y": 0.5
      }
    },
    "tree.pine.middle.00.4": {
      "frame": {
        "x": 296,
        "y": 1426.5,
        "w": 301.5,
        "h": 372.5
      },
      "rotated": false,
      "trimmed": true,
      "spriteSourceSize": {
        "x": 105.5,
        "y": 134,
        "w": 301.5,
        "h": 372.5
      },
      "sourceSize": {
        "w": 512,
        "h": 512
      },
      "pivot": {
        "x": 0.5,
        "y": 0.5
      }
    },
    "tree.pine.middle.00.3": {
      "frame": {
        "x": 597.5,
        "y": 1413.5,
        "w": 294.5,
        "h": 370
      },
      "rotated": false,
      "trimmed": true,
      "spriteSourceSize": {
        "x": 97,
        "y": 133.5,
        "w": 294.5,
        "h": 370
      },
      "sourceSize": {
        "w": 512,
        "h": 512
      },
      "pivot": {
        "x": 0.5,
        "y": 0.5
      }
    },
    "tree.pine.middle.00.2": {
      "frame": {
        "x": 892,
        "y": 1413.5,
        "w": 303.5,
        "h": 362
      },
      "rotated": false,
      "trimmed": true,
      "spriteSourceSize": {
        "x": 104.5,
        "y": 135.5,
        "w": 303.5,
        "h": 362
      },
      "sourceSize": {
        "w": 512,
        "h": 512
      },
      "pivot": {
        "x": 0.5,
        "y": 0.5
      }
    },
    "tree.pine.small.01.4": {
      "frame": {
        "x": 1195.5,
        "y": 1348.5,
        "w": 321,
        "h": 287.5
      },
      "rotated": false,
      "trimmed": true,
      "spriteSourceSize": {
        "x": 96.5,
        "y": 217,
        "w": 321,
        "h": 287.5
      },
      "sourceSize": {
        "w": 512,
        "h": 512
      },
      "pivot": {
        "x": 0.5,
        "y": 0.5
      }
    },
    "tree.pine.small.01.2": {
      "frame": {
        "x": 1520,
        "y": 0,
        "w": 319,
        "h": 289.5
      },
      "rotated": false,
      "trimmed": true,
      "spriteSourceSize": {
        "x": 96,
        "y": 213.5,
        "w": 319,
        "h": 289.5
      },
      "sourceSize": {
        "w": 512,
        "h": 512
      },
      "pivot": {
        "x": 0.5,
        "y": 0.5
      }
    },
    "tree.alder.small.01.3": {
      "frame": {
        "x": 1520,
        "y": 289.5,
        "w": 302,
        "h": 285
      },
      "rotated": false,
      "trimmed": true,
      "spriteSourceSize": {
        "x": 110,
        "y": 220,
        "w": 302,
        "h": 285
      },
      "sourceSize": {
        "w": 512,
        "h": 512
      },
      "pivot": {
        "x": 0.5,
        "y": 0.5
      }
    },
    "tree.alder.small.01.2": {
      "frame": {
        "x": 1516.5,
        "y": 574.5,
        "w": 301.5,
        "h": 280
      },
      "rotated": false,
      "trimmed": true,
      "spriteSourceSize": {
        "x": 100.5,
        "y": 229,
        "w": 301.5,
        "h": 280
      },
      "sourceSize": {
        "w": 512,
        "h": 512
      },
      "pivot": {
        "x": 0.5,
        "y": 0.5
      }
    },
    "tree.alder.small.01.4": {
      "frame": {
        "x": 1516.5,
        "y": 854.5,
        "w": 301.5,
        "h": 272
      },
      "rotated": false,
      "trimmed": true,
      "spriteSourceSize": {
        "x": 110,
        "y": 232.5,
        "w": 301.5,
        "h": 272
      },
      "sourceSize": {
        "w": 512,
        "h": 512
      },
      "pivot": {
        "x": 0.5,
        "y": 0.5
      }
    },
    "tree.pine.small.01.3": {
      "frame": {
        "x": 1516.5,
        "y": 1126.5,
        "w": 284,
        "h": 301.5
      },
      "rotated": false,
      "trimmed": true,
      "spriteSourceSize": {
        "x": 111.5,
        "y": 203,
        "w": 284,
        "h": 301.5
      },
      "sourceSize": {
        "w": 512,
        "h": 512
      },
      "pivot": {
        "x": 0.5,
        "y": 0.5
      }
    },
    "tree.alder.small.01.1": {
      "frame": {
        "x": 1516.5,
        "y": 1428,
        "w": 301,
        "h": 281.5
      },
      "rotated": false,
      "trimmed": true,
      "spriteSourceSize": {
        "x": 100,
        "y": 220,
        "w": 301,
        "h": 281.5
      },
      "sourceSize": {
        "w": 512,
        "h": 512
      },
      "pivot": {
        "x": 0.5,
        "y": 0.5
      }
    },
    "tree.alder.small.00.3": {
      "frame": {
        "x": 0,
        "y": 1800,
        "w": 288.5,
        "h": 266.5
      },
      "rotated": false,
      "trimmed": true,
      "spriteSourceSize": {
        "x": 107,
        "y": 236,
        "w": 288.5,
        "h": 266.5
      },
      "sourceSize": {
        "w": 512,
        "h": 512
      },
      "pivot": {
        "x": 0.5,
        "y": 0.5
      }
    },
    "tree.alder.small.00.1": {
      "frame": {
        "x": 288.5,
        "y": 1800,
        "w": 288,
        "h": 265
      },
      "rotated": false,
      "trimmed": true,
      "spriteSourceSize": {
        "x": 117,
        "y": 237,
        "w": 288,
        "h": 265
      },
      "sourceSize": {
        "w": 512,
        "h": 512
      },
      "pivot": {
        "x": 0.5,
        "y": 0.5
      }
    },
    "tree.alder.small.00.4": {
      "frame": {
        "x": 597.5,
        "y": 1783.5,
        "w": 287.5,
        "h": 269
      },
      "rotated": false,
      "trimmed": true,
      "spriteSourceSize": {
        "x": 111.5,
        "y": 233.5,
        "w": 287.5,
        "h": 269
      },
      "sourceSize": {
        "w": 512,
        "h": 512
      },
      "pivot": {
        "x": 0.5,
        "y": 0.5
      }
    },
    "tree.alder.small.00.2": {
      "frame": {
        "x": 885,
        "y": 1783.5,
        "w": 286.5,
        "h": 266
      },
      "rotated": false,
      "trimmed": true,
      "spriteSourceSize": {
        "x": 114,
        "y": 236,
        "w": 286.5,
        "h": 266
      },
      "sourceSize": {
        "w": 512,
        "h": 512
      },
      "pivot": {
        "x": 0.5,
        "y": 0.5
      }
    },
    "tree.pine.small.01.1": {
      "frame": {
        "x": 1171.5,
        "y": 1775.5,
        "w": 285.5,
        "h": 283.5
      },
      "rotated": false,
      "trimmed": true,
      "spriteSourceSize": {
        "x": 115,
        "y": 228.5,
        "w": 285.5,
        "h": 283.5
      },
      "sourceSize": {
        "w": 512,
        "h": 512
      },
      "pivot": {
        "x": 0.5,
        "y": 0.5
      }
    }
  },
  "meta": {
    "app": "http://free-tex-packer.com",
    "version": "0.6.7",
    "image": "tileset_tree.png",
    "format": "RGBA8888",
    "size": {
      "w": 1839,
      "h": 2067
    },
    "scale": 0.5
  }
}